{
    "mongodb": {
        "ip": "10.17.216.35",
        "add": "-",
        "status": "Online",
        "port": 27017,
        "database": "07092023_5gmed_UC3_P2",
        "collection": "kpis",
        "username": "",
        "password": "",
        "nb_data": 1000,
        "connected": true
    },
    "ground_to_edge": {
        "timestamp": 1696414212.0003238,
        "throughput": {
            "value": 0,
            "min": 0,
            "max": 0,
            "mean": 0
        },
        "latency": {
            "value": 28.4,
            "min": 20.2,
            "max": 41.1,
            "mean": 30.529999999999994
        },
        "reliability": {
            "value": 100.0,
            "min": 33.333299999999994,
            "max": 100.0,
            "mean": 93.33333
        },
        "interruption": {
            "value": 0,
            "min": 1.662389,
            "max": 799.859703,
            "mean": 151.77250733333332
        }
    },
    "edge_to_ground": {
        "timestamp": 1696417930.340736,
        "latency": {
            "value": 54.5,
            "min": 23.5,
            "max": 97.2,
            "mean": 40.9
        },
        "reliability": {
            "value": 100.0,
            "min": 100.0,
            "max": 100.0,
            "mean": 100.0
        }
    },
    "time": {
        "slam": 0,
        "ai": 0,
        "total": 0
    }
}