{
    "local_cloud": {
        "time": "Mon, 21 Nov 2022 16:25:33 GMT",
        "bandwidth": {
            "value": 5501.615666071013,
            "min": 4382.746007779455,
            "max": 5859.51003126928,
            "mean": 5043.183357647704
        },
        "latency": {
            "value": 0.026,
            "min": 0.018,
            "max": 0.029,
            "mean": 0.020899999999999995
        },
        "jitter": {
            "value": 0.0118921740928457,
            "min": 0.00023669665325879547,
            "max": 0.0118921740928457,
            "mean": 0.0021413372282202475
        },
        "reliability": {
            "value": 99.46214457005824,
            "min": 98.0784331122596,
            "max": 99.71936876581807,
            "mean": 99.26786505499781
        },
        "interruption": {
            "value": 0,
            "min": 0,
            "max": 0,
            "mean": 0
        }
    },
    "cloud_local": {
        "time": "Mon, 21 Nov 2022 16:25:35 GMT",
        "bandwidth": {
            "value": 3606.2446751064986,
            "min": 3606.2446751064986,
            "max": 5632.99657710611,
            "mean": 4647.987527636078
        },
        "latency": {
            "value": 0.023,
            "min": 0.023,
            "max": 0.047,
            "mean": 0.03250000000000001
        },
        "jitter": {
            "value": 0.0014353400118767862,
            "min": 0.000532969073160514,
            "max": 0.001588801957233463,
            "mean": 0.0010606627425689013
        },
        "reliability": {
            "value": 98.40017604665236,
            "min": 97.2887683583982,
            "max": 99.93669597785377,
            "mean": 98.88653839043617
        }
    },
    "end_to_end": {
        "time_slam": 0,
        "time_ai": 0,
        "time_total": 0
    }
}