{
    "local_cloud": {
        "time": "Mon, 21 Nov 2022 14:13:48 GMT",
        "bandwidth": {
            "value": 1796.5842512362312,
            "min": 1760.4372638212385,
            "max": 3798.31482359247,
            "mean": 2200.161544167116
        },
        "latency": {
            "value": 0.035,
            "min": 0.024,
            "max": 0.097,
            "mean": 0.0633
        },
        "jitter": {
            "value": 0.002050161117297267,
            "min": 0.0005106943566636992,
            "max": 0.00433995583169335,
            "mean": 0.0019892770251960833
        },
        "reliability": {
            "value": 96.45464082601734,
            "min": 93.34534534534535,
            "max": 99.51379084742261,
            "mean": 97.08006441224553
        },
        "interruption": {
            "value": 0,
            "min": 0,
            "max": 0,
            "mean": 0
        }
    },
    "cloud_local": {
        "time": "Mon, 21 Nov 2022 14:13:50 GMT",
        "bandwidth": {
            "value": 1773.6090931544354,
            "min": 1773.6090931544354,
            "max": 2662.096592744294,
            "mean": 2086.7910852085065
        },
        "latency": {
            "value": 0.034,
            "min": 0.028,
            "max": 0.048,
            "mean": 0.0391
        },
        "jitter": {
            "value": 0.00124108819200381,
            "min": 0.0008756321769621007,
            "max": 0.006819781672642387,
            "mean": 0.0025577599557035694
        },
        "reliability": {
            "value": 90.36073825503355,
            "min": 90.36073825503355,
            "max": 97.89884847562521,
            "mean": 96.09085231245619
        }
    },
    "end_to_end": {
        "time_slam": 255.0,
        "time_ai": 0,
        "time_total": 255.0
    }
}