{
    "local_cloud": {
        "time": "Tue, 06 Dec 2022 15:57:03 GMT",
        "bandwidth": {
            "value": 19.983041695830416,
            "min": 19.981922820040072,
            "max": 19.98380100433773,
            "mean": 19.98310165818088
        },
        "latency": {
            "value": 0,
            "min": 0,
            "max": 0,
            "mean": 0
        },
        "jitter": {
            "value": 0.1986753558674027,
            "min": 0.17945485852279824,
            "max": 0.5558741254905447,
            "mean": 0.32763385932960687
        },
        "reliability": {
            "value": 99.70457902511079,
            "min": 98.67060561299853,
            "max": 99.85228951255539,
            "mean": 99.40915805022156
        },
        "interruption": {
            "value": 0,
            "min": 0,
            "max": 0,
            "mean": 0
        }
    },
    "cloud_local": {
        "time": "Tue, 06 Dec 2022 15:57:06 GMT",
        "bandwidth": {
            "value": 19.983701092026834,
            "min": 19.983601180714988,
            "max": 19.98380100433773,
            "mean": 19.98371507983428
        },
        "latency": {
            "value": 0,
            "min": 0,
            "max": 0,
            "mean": 0
        },
        "jitter": {
            "value": 0.20642768452391275,
            "min": 0.06559443564034854,
            "max": 1.1279538305145809,
            "mean": 0.6122787176844264
        },
        "reliability": {
            "value": 100,
            "min": 99.80305268340719,
            "max": 100,
            "mean": 99.98030526834071
        }
    },
    "end_to_end": {
        "time_slam": 81.0,
        "time_ai": 0,
        "time_total": 81.0
    }
}