{
    "local_cloud": {
        "time": "Wed, 16 Nov 2022 10:13:24 GMT",
        "bandwidth": {
            "value": 2594.6991537245417,
            "min": 1885.2801979079275,
            "max": 3189.331360029599,
            "mean": 2496.457585435602
        },
        "latency": {
            "value": 0.031,
            "min": 0.021,
            "max": 0.058,
            "mean": 0.0373
        },
        "jitter": {
            "value": 0.0007275563487355845,
            "min": 0.0007275563487355845,
            "max": 0.0038676594146467816,
            "mean": 0.001891334608967688
        },
        "reliability": {
            "value": 97.63810834575831,
            "min": 96.34279866973651,
            "max": 99.92628534104693,
            "mean": 98.47895854578233
        },
        "interruption": {
            "value": 0,
            "min": 0,
            "max": 0,
            "mean": 0
        }
    },
    "cloud_local": {
        "time": "Wed, 16 Nov 2022 10:13:27 GMT",
        "bandwidth": {
            "value": 3588.6220323627704,
            "min": 1885.9545668632295,
            "max": 3588.6220323627704,
            "mean": 2231.1199630152705
        },
        "latency": {
            "value": 0.021,
            "min": 0.021,
            "max": 0.053,
            "mean": 0.040900000000000006
        },
        "jitter": {
            "value": 0.0015340253085608891,
            "min": 0.0006797078440758284,
            "max": 0.005188095786000822,
            "mean": 0.0027318032948199953
        },
        "reliability": {
            "value": 97.86438897642148,
            "min": 94.59485811053523,
            "max": 99.19854776491944,
            "mean": 97.9098175276074
        }
    },
    "end_to_end": {
        "time_slam": 0,
        "time_ai": 0,
        "time_total": 0
    }
}