{
    "local_cloud": {
        "time": "Mon, 05 Dec 2022 14:11:27 GMT",
        "bandwidth": {
            "value": 19.983721074409093,
            "min": 19.983681109684543,
            "max": 19.98378102179563,
            "mean": 19.983727735296423
        },
        "latency": {
            "value": 0.033,
            "min": 0.032,
            "max": 0.035,
            "mean": 0.03333333333333333
        },
        "jitter": {
            "value": 0.012207723211522784,
            "min": 0.00931045049551938,
            "max": 0.012207723211522784,
            "mean": 0.010693207941066261
        },
        "reliability": {
            "value": 100,
            "min": 100,
            "max": 100,
            "mean": 100.0
        },
        "interruption": {
            "value": 0,
            "min": 0,
            "max": 0,
            "mean": 0
        }
    },
    "cloud_local": {
        "time": "Mon, 05 Dec 2022 14:11:30 GMT",
        "bandwidth": {
            "value": 19.983701092026834,
            "min": 19.983141601547853,
            "max": 19.984160696929337,
            "mean": 19.983409360043424
        },
        "latency": {
            "value": 0.027,
            "min": 0.027,
            "max": 0.083,
            "mean": 0.04290000000000001
        },
        "jitter": {
            "value": 0.009851663089191193,
            "min": 0.007239030356102334,
            "max": 0.029425904629257687,
            "mean": 0.021576901355348413
        },
        "reliability": {
            "value": 100,
            "min": 100,
            "max": 100,
            "mean": 100.0
        }
    },
    "end_to_end": {
        "time_slam": 90.0,
        "time_ai": 0,
        "time_total": 90.0
    }
}